38_social_assistance,38_work_to_support_family,38_food_bank_use,count,percentage_proportion,selection
1,1,1,82,3.420942845223195,1 1 1
1,1,2,22,0.917813934084272,1 1 2
1,2,1,26,1.0846891948268669,1 2 1
1,2,2,36,1.5018773466833542,1 2 2
2,1,1,115,4.7976637463496035,2 1 1
2,1,2,208,8.677513558614935,2 1 2
2,2,1,178,7.425949103045474,2 2 1
2,2,2,1730,72.17355027117229,2 2 2
