Feature,Gain,Cover,Frequency
QS1_1_AGE,0.37393714686284707,0.44500387607260283,0.3834782608695652
QS2_6_MENTOREXPER,0.16485969646201457,0.19377422545376782,0.18521739130434783
QS3_4_LIFEEVENTS1_11_11_X1,0.13288413083680925,0.0566320938811516,0.11043478260869566
QS2_9_PRESENCEOFA_Yes,0.12088346366853837,0.06281777112459569,0.10695652173913044
QS2_3_PRESENCEOFM_Yes,0.08124934016295941,0.06065118019727873,0.07391304347826087
QS3_4_LIFEEVENTS1_18_18_X1,0.06631332627780923,0.10777887674089123,0.0791304347826087
QS3_4_LIFEEVENTS1_16_16_X1,0.05987289572902207,0.0733419765297121,0.06086956521739131
