Feature,Gain,Cover,Frequency
QS1_1_AGE,0.34655065361917514,0.3568841414386122,0.3087606837606838
QS3_4_LIFEEVENTS1_18_18_X1,0.1640453478887209,0.04964560088819001,0.11431623931623931
QS2_6_MENTOREXPER,0.1523683972793338,0.3251910961031703,0.202991452991453
QS3_4_LIFEEVENTS1_16_16_X1,0.11129107969266412,0.058118779065706144,0.09508547008547008
QS2_9_PRESENCEOFA_Yes,0.10452138145288752,0.07786079375294466,0.11004273504273504
QS3_4_LIFEEVENTS1_11_11_X1,0.06071107722001592,0.07375276630466285,0.10363247863247864
QS2_3_PRESENCEOFM_Yes,0.060512062847202626,0.0585468224467138,0.06517094017094018
