Feature,Gain,Cover,Frequency
QS1_1_AGE,0.31764344708935527,0.4549640486351471,0.331496062992126
QS2_9_PRESENCEOFA_Yes,0.2036843296719856,0.05508663778289543,0.115748031496063
QS2_6_MENTOREXPER,0.19677904817542818,0.2561612547932898,0.19448818897637796
QS3_4_LIFEEVENTS1_11_11_X1,0.11502417173007619,0.06465021500458694,0.10551181102362205
QS3_4_LIFEEVENTS1_16_16_X1,0.07869531992663195,0.06870269290200716,0.10078740157480315
QS3_4_LIFEEVENTS1_18_18_X1,0.05990826707367083,0.05757766008979046,0.09370078740157481
QS2_3_PRESENCEOFM_Yes,0.028265416332851942,0.042857490792283105,0.05826771653543307
