49_adult_social_assistance,49_adult_child_services,49_adult_food_banks,count,percentage_proportion,selection
1,1,1,85,3.834009923319801,1 1 1
1,1,2,24,1.0825439783491204,1 1 2
1,2,1,120,5.412719891745602,1 2 1
1,2,2,113,5.096977898060442,1 2 2
2,1,1,16,0.7216959855660803,2 1 1
2,1,2,50,2.2552999548940007,2 1 2
2,2,1,94,4.239963915200722,2 2 1
2,2,2,1715,77.35678845286424,2 2 2
